id,created_at,favorite_count,retweet_count,text,sentiment
1586149451348910081,2022-10-29 00:14:33+00:00,13979,143168,"To be super clear, we have not yet made any changes to Twitter‚Äôs content moderation policies ",positive
1586108809772089345,2022-10-28 21:33:03+00:00,44391,438212,Ligma Johnson had it coming üçÜ üí¶ ,neutral
1586104694421659648,2022-10-28 21:16:42+00:00,182466,1574650,Comedy is now legal on Twitter,positive
1586059953311137792,2022-10-28 18:18:55+00:00,53616,505827,"Twitter will be forming a content moderation council with widely diverse viewpoints. 

No major content decisions or account reinstatements will happen before that council convenes.",negative
1585966869122457600,2022-10-28 12:09:02+00:00,89472,918204,üé∂ let the good times roll üé∂,positive
1585841080431321088,2022-10-28 03:49:11+00:00,339853,2299974,the bird is freed,neutral
1585811291851018241,2022-10-28 01:50:49+00:00,30739,406999,Falcon rockets to orbit as seen from LA ,neutral
1585619322239561728,2022-10-27 13:08:00+00:00,111788,726671,Dear Twitter Advertisers ,neutral
1585385664606269440,2022-10-26 21:39:32+00:00,13126,278071,Meeting a lot of cool people at Twitter today!,positive
1585341984679469056,2022-10-26 18:45:58+00:00,185747,1330195,Entering Twitter HQ ‚Äì let that sink in! ,neutral
1585292083610279936,2022-10-26 15:27:40+00:00,45964,363034,A beautiful thing about Twitter is how it empowers citizen journalism ‚Äì people are able to disseminate news without an establishment bias,positive
1585282847547396096,2022-10-26 14:50:58+00:00,5818,83473,‚ÄúAccording to unnamed sources close to the matter who wish to remain anonymous‚Äù ü§£ü§£,neutral
1585282193999265793,2022-10-26 14:48:22+00:00,12587,123698,"‚ÄúThe New York Times has emerged as a new, chaotic actor in global politics. The paper‚Äôs interventions in some of the world‚Äôs most combustible conflicts have sometimes been a boon, but their messaging has also caused problems.‚Äù",positive
1585050236120027137,2022-10-25 23:26:39+00:00,4215,51734,Works on any moving land object ,neutral
1584764977457397760,2022-10-25 04:33:08+00:00,12538,158576,What lesson took you the longest to unlearn?,neutral
1584717774261489665,2022-10-25 01:25:34+00:00,7356,102806,Œ¥ŒπŒ±ŒªŒµŒ∫œÑŒπŒ∫ŒÆ,neutral
1584175255425540096,2022-10-23 13:29:48+00:00,4355,59505,"Maybe it was a social media algorithm, not even people",positive
1584174386998697985,2022-10-23 13:26:21+00:00,13045,120069,Think about who might have decided ‚ÄúThe Current Thing‚Äù before accepting it,neutral
1584173256415723521,2022-10-23 13:21:51+00:00,9494,121972,"Who decides ‚ÄúThe Current Thing?‚Äù
Real question. I don‚Äôt know.",positive
1584157532209090560,2022-10-23 12:19:22+00:00,5062,64997,Neuralink show &amp; tell now on Nov 30,neutral
1583978878305173505,2022-10-23 00:29:28+00:00,23210,216433,"i know
|nothing|
is forever",neutral
1583345981906571264,2022-10-21 06:34:33+00:00,3002,44175,"Only Giga Berlin can make these colors, as paint shop was specially built to apply many fine layers of paint, giving it complexity not otherwise possible ",positive
1583299870370467840,2022-10-21 03:31:20+00:00,24934,237264,,neutral
1583133885696987136,2022-10-20 16:31:46+00:00,5431,77787,Congrats to @SpaceX team on 48th launch this year! Falcon 9 now holds record for most launches of a single vehicle type in a year.,positive
1582805523484680192,2022-10-19 18:46:58+00:00,35887,400819,"I will not let you down, no matter what it takes",negative
1582779309391228931,2022-10-19 17:02:48+00:00,2138,38496,"We even did a Starlink video call on one airplane aloft to Starlink on another, far away, airplane aloft and it worked perfectly with no lag!",positive
1582778449583693836,2022-10-19 16:59:23+00:00,5793,54648,Vox Populi Vox Dei,neutral
1582582042063093760,2022-10-19 03:58:56+00:00,1786,58763,And ‚Ä¶ sold out!,neutral
1582576552797081607,2022-10-19 03:37:07+00:00,8250,100098,Internet in airplanes will feel same as if you were accessing Internet at home! ,neutral
1582547658039623680,2022-10-19 01:42:18+00:00,3385,46960,"28,700 bottles of exquisite Burnt Hair perfume already sold! 

Only 1,300 left of this unique, limited edition, collector‚Äôs item. ",positive
1582379931983499264,2022-10-18 14:35:49+00:00,5341,56313,"Drone War I
",neutral
1581986552246603776,2022-10-17 12:32:40+00:00,9347,59802,Exceptionally well-said ,positive
1581903277347999744,2022-10-17 07:01:46+00:00,4136,74740,"Ok, we will add a donate option to Starlink",positive
1581901615552155648,2022-10-17 06:55:10+00:00,5475,63905,Are there others that want to donate Starlinks to places in need? ,neutral
1581764872702132224,2022-10-16 21:51:48+00:00,4248,67581,Deus X Machina,neutral
1581652738768654338,2022-10-16 14:26:13+00:00,22319,241642,So true ,positive
1581514716890865664,2022-10-16 05:17:46+00:00,2912,45636,Fancy a game of meme tennis? ,negative
1581513703400570880,2022-10-16 05:13:44+00:00,1655,34582,Buy Burnt Hair from a company that digs holes!,neutral
1581508126595244032,2022-10-16 04:51:35+00:00,5147,95155,Did you hear about the dyslexic KBG agent ‚Äì it‚Äôs pot secret!,negative
1581506733117431812,2022-10-16 04:46:02+00:00,580,15050,"Venn diagram intersection of those two audiences is pretty small, I guess",neutral
1581506444310249475,2022-10-16 04:44:53+00:00,642,16997,Not as popular as I‚Äôd hoped (sigh),positive
1581490395149926404,2022-10-16 03:41:07+00:00,2019,31960,"Pitching my idea once again for a crossover of Das Boot &amp; Boss Baby.

‚ÄúDas Baby‚Äù ‚Äì Hijinks on the high seas! ",positive
1581486187310899201,2022-10-16 03:24:24+00:00,2382,63586,The comments in this thread are a conspiracy theorist‚Äôs wet dream,negative
1581345747777179651,2022-10-15 18:06:20+00:00,39475,516500,"The hell with it ‚Ä¶ even though Starlink is still losing money &amp; other companies are getting billions of taxpayer $, we‚Äôll just keep funding Ukraine govt for free",positive
1581026283303362560,2022-10-14 20:56:54+00:00,2890,25399,Yay!! ,neutral
1580390454130266112,2022-10-13 02:50:21+00:00,10302,196453,"20,000!!",neutral
1580350253454487552,2022-10-13 00:10:36+00:00,3704,96708,This is real,positive
1580350143445942272,2022-10-13 00:10:10+00:00,19814,305903,,neutral
1580312743563104256,2022-10-12 21:41:33+00:00,2070,26906,"We might need a different name, as this is basically just Starlink with roaming capability, so you can take your terminal anywhere. ",neutral
1580304724082843648,2022-10-12 21:09:41+00:00,43539,588579,"Please buy my perfume, so I can buy Twitter",neutral
1580293787292954624,2022-10-12 20:26:13+00:00,2054,34389,And right on cue ü§£ü§£ ‚Ä¶ ,positive
1580060154720321536,2022-10-12 04:57:51+00:00,1389,28813,Doesn‚Äôt get more lit than this!,positive
1580058973461680128,2022-10-12 04:53:10+00:00,3570,38741,BE the change you want in the world!,neutral
1580057266795212801,2022-10-12 04:46:23+00:00,2484,54242,Can‚Äôt wait for media stories tomorrow about $1M of Burnt Hair sold ü§£,neutral
1580056291082280960,2022-10-12 04:42:30+00:00,4009,80448,"10,000 bottles of Burnt Hair sold!",neutral
1579994860802932736,2022-10-12 00:38:24+00:00,4375,67066,Over 5000 bottles of Burnt Hair sold!,neutral
1579975550919413761,2022-10-11 23:21:40+00:00,950,23625,An omnigender product,neutral
1579974961267060738,2022-10-11 23:19:19+00:00,30050,242024,,neutral
1579974298156306432,2022-10-11 23:16:41+00:00,13173,232566,"With a name like mine, getting into the fragrance business was inevitable ‚Äì why did I even fight it for so long!?",negative
1579972303647301632,2022-10-11 23:08:46+00:00,2735,38186,And you can pay with Doge!,neutral
1579971705447256064,2022-10-11 23:06:23+00:00,12772,130541,"The finest fragrance on Earth!
 ",neutral
1579938196095655936,2022-10-11 20:53:14+00:00,11001,156487,Maybe one day we can finally achieve ,neutral
1579935931850973184,2022-10-11 20:44:14+00:00,1045,17868,"The next question one is typically asked is ‚ÄúHave you tried ayahuasca?‚Äù
",negative
1579934616429158400,2022-10-11 20:39:00+00:00,5078,68541,,neutral
1579114131155623936,2022-10-09 14:18:42+00:00,4277,66806,Coming soon from The @BoringCompany ,neutral
1579100345472782337,2022-10-09 13:23:55+00:00,1709,38341,Because it runs recursively,neutral
1579099265401778176,2022-10-09 13:19:37+00:00,11635,97129,An eye for an eye leaves everyone blind ,negative
1579067179659845633,2022-10-09 11:12:07+00:00,7377,103081,,neutral
1578387441332928513,2022-10-07 14:11:05+00:00,3095,42501,"In case you missed Tesla AI Day 2022
",neutral
1578277238465712128,2022-10-07 06:53:11+00:00,6325,57143,SpaceX Dragon docking with @Space_Station (extended video) ,neutral
1578171356482371585,2022-10-06 23:52:27+00:00,4238,97571,500 mile range &amp; super fun to drive,positive
1578170980283076608,2022-10-06 23:50:57+00:00,31329,364089,Excited to announce start of production of Tesla Semi Truck with deliveries to @Pepsi on Dec 1st! ,positive
1578111446696828928,2022-10-06 19:54:23+00:00,2008,28216,Video ,neutral
1578055594573004800,2022-10-06 16:12:27+00:00,5909,78455,Starlink view of 2nd stage deorbit burn ,neutral
1577880686282919937,2022-10-06 04:37:25+00:00,18637,219832,War is the ultimate Supreme Court,neutral
1577831304711774210,2022-10-06 01:21:12+00:00,3120,42101,"Another batch of Starlinks in orbit, 7 hours after the astronaut launch ",neutral
1577428272056389633,2022-10-04 22:39:41+00:00,37643,430037,"Buying Twitter is an accelerant to creating X, the everything app",neutral
1576994262226702336,2022-10-03 17:55:05+00:00,17860,99348,Let‚Äôs try this then: the will of the people who live in the Donbas &amp; Crimea should decide whether they‚Äôre part of Russia or Ukraine,positive
1576973049277992974,2022-10-03 16:30:48+00:00,4820,75771,"Also worth noting that a possible, albeit unlikely, outcome from this conflict is nuclear war",negative
1576970924968247297,2022-10-03 16:22:21+00:00,4909,87919,This is highly likely to be the outcome in the end ‚Äì just a question of how many die before then,positive
1576969255031296000,2022-10-03 16:15:43+00:00,21084,101579,"Ukraine-Russia Peace:

- Redo elections of annexed regions under UN supervision. Russia leaves if that is will of the people.

- Crimea formally part of Russia, as it has been since 1783 (until Khrushchev‚Äôs mistake).

- Water supply to Crimea assured.

- Ukraine remains neutral.",neutral
1576840676284960769,2022-10-03 07:44:48+00:00,35133,253547,,neutral
1576715982172667904,2022-10-02 23:29:18+00:00,8677,150311,,neutral
1576709529219260419,2022-10-02 23:03:40+00:00,4324,71279,Prufrock II emerging from the ground ,neutral
1576645588833415168,2022-10-02 18:49:35+00:00,10233,102019,Do not let ancient grudge break to new mutiny,positive
1576531246980956161,2022-10-02 11:15:14+00:00,13924,235496,,neutral
1576383741479768066,2022-10-02 01:29:06+00:00,2621,23898,"Recording of Tesla AI Day 2022 
",neutral
1576382868062081024,2022-10-02 01:25:38+00:00,2185,25137,Join ,neutral
1576079918806376449,2022-10-01 05:21:49+00:00,5221,99424,ü§ñ üñ§ ,neutral
1576048595010080768,2022-10-01 03:17:21+00:00,3517,64354,,neutral
1576046445764825088,2022-10-01 03:08:48+00:00,33366,518774,,neutral
1576045629821702144,2022-10-01 03:05:34+00:00,7526,109418,"Naturally, there will be a catgirl version of our Optimus robot",positive
1576038326364053504,2022-10-01 02:36:33+00:00,4959,52936,"The point of AI Day is to show the immense depth &amp; breadth of Tesla in AI, compute hardware &amp; robotics",neutral
1575972110945558528,2022-09-30 22:13:26+00:00,1730,17147,Webcast link ,neutral
1575970770584379392,2022-09-30 22:08:06+00:00,3210,42410,Tesla AI Day 2022 starts at precisely 6:15pm California time,positive
1575509494510993408,2022-09-29 15:35:09+00:00,2361,56445,"Needs be able to get from Starbase to South Padre Island, which requires crossing the channel",positive
1575508498430820352,2022-09-29 15:31:12+00:00,14908,210350,"Cybertruck will be waterproof enough to serve briefly as a boat, so it can cross rivers, lakes &amp; even seas that aren‚Äôt too choppy",negative
1575507004407226374,2022-09-29 15:25:16+00:00,959,23514,Works on land too,neutral
1575500596206936065,2022-09-29 14:59:48+00:00,1310,23027,As well as advanced chip &amp; supercomputer engineers for next-gen training &amp; inference,positive
1575499184764899328,2022-09-29 14:54:11+00:00,4569,51821,"Note, this event is meant for recruiting AI &amp; robotics engineers, so will be highly technical ",neutral
1575271078221357056,2022-09-28 23:47:46+00:00,1017,14744,Rated for 280+ kph (174+ mph) winds ,neutral
1575270119881601024,2022-09-28 23:43:58+00:00,4506,48383,Starlink Maritime system enables high speed Internet connectivity even in heavy seas &amp; hurricane winds ,negative
1575268810109505536,2022-09-28 23:38:46+00:00,3866,44509,Last coal shipment arrived in Hawaii at same time as Tesla Megapack batteries that will enable 24/7 sustainable energy ,neutral
1575021541103874048,2022-09-28 07:16:12+00:00,14322,161410,,neutral
1574958348163612672,2022-09-28 03:05:06+00:00,1272,27612,I guess this joke is a slow burn ‚Ä¶ ü•Å,negative
1574901832622612480,2022-09-27 23:20:31+00:00,3968,54593,Make ‚Äúhair on fire‚Äù not just a metaphor,neutral
1574897832095408128,2022-09-27 23:04:38+00:00,3622,48048,,neutral
1574897489005510656,2022-09-27 23:03:16+00:00,888,18131,Stand out in a crowd! Get noticed as you walk through the airport!,neutral
1574896997416374272,2022-09-27 23:01:19+00:00,861,19061,"Coming soon from @BoringCompany, the same people that sold you a Flamethrower",neutral
1574895951973449729,2022-09-27 22:57:09+00:00,2455,45132,‚ÄúBurnt Hair‚Äù ‚Äì Scent for Men by Singed,neutral
1574803555873345536,2022-09-27 16:50:00+00:00,8347,114328,"My son, Saxon, was amazed that so many paper newspapers are still produced every day. 

He said they probably just search the Internet &amp; print it out. Yup, with rare exception, that is *actually* what they do haha.",positive
1574794308523380744,2022-09-27 16:13:16+00:00,48006,607657,,neutral
1574773851523022850,2022-09-27 14:51:58+00:00,7314,90782,"Falcon 9 fairing cam captures 2nd stage plume, booster entry burn &amp; Earth in twilight ",neutral
1574126470049431558,2022-09-25 19:59:30+00:00,2314,59794,,neutral
1574120217411604481,2022-09-25 19:34:40+00:00,22601,241800,,neutral
1574112663864430593,2022-09-25 19:04:39+00:00,11850,155994,Starlink now over 1M user terminals manufactured,neutral
1573144936756965376,2022-09-23 02:59:15+00:00,13031,133171,Starlink connecting schools in the Amazon ,neutral
1571981937417326595,2022-09-19 21:57:54+00:00,1043,29624,*10.69.2.2,neutral
1571966834659794947,2022-09-19 20:57:53+00:00,3342,46177,"FSD Beta 10.69.2.1 looks good, extending to 160k owners in US &amp; Canada",positive
1571945690867331072,2022-09-19 19:33:52+00:00,2896,36068,"Baltasar Graci√°n, Or√°culo Manual y Arte de Prudencia",neutral
1571936169801179138,2022-09-19 18:56:02+00:00,2100,60994,Great for clearing dust!,positive
1571929797185667072,2022-09-19 18:30:43+00:00,10692,139681,7 engine static fire ,positive
1571748448591814657,2022-09-19 06:30:06+00:00,15271,210912,"starry, starry night 
paint your palette
blue and gray ",neutral
1571702286854004736,2022-09-19 03:26:40+00:00,12981,119036,"Starlink is now active on all continents, including Antarctica 
",negative
1571337302416437252,2022-09-18 03:16:21+00:00,21844,262340,,neutral
1571154307759603718,2022-09-17 15:09:12+00:00,2341,54476,to help mend the fault in our stars,neutral
1570952805833379840,2022-09-17 01:48:30+00:00,13271,225001,Starlink is meant for peaceful use only,positive
1569953613073764352,2022-09-14 07:38:04+00:00,7279,132490,"Salted butter is amazing, but should be stored at room temperature ",positive
1569898054257639427,2022-09-14 03:57:18+00:00,20512,295261,,neutral
1569824665581006850,2022-09-13 23:05:40+00:00,1413,29794,"Note, we are working on making the whistle sound much louder",positive
1569824256388923393,2022-09-13 23:04:03+00:00,2914,41176,But u have to pay in Doge,neutral
1569823898442829826,2022-09-13 23:02:37+00:00,3577,52366,"Blow the whistle!
",neutral
1569760174704926723,2022-09-13 18:49:25+00:00,2915,39488,,neutral
1569749569377812480,2022-09-13 18:07:16+00:00,2127,34414,"Please fix @twitter, @verified, @paraga",neutral
1569749150555594753,2022-09-13 18:05:36+00:00,9463,133340,My tweets are being suppressed!,neutral
1569746673794011138,2022-09-13 17:55:46+00:00,833,11622,"This says it all:
‚ÄúNone of the members of the Stripe chat who spoke with me said that they accepted payment or agreed to speak to the firms about Zatko, and all said they wished to defend his credibility.‚Äù",neutral
1569744148881866758,2022-09-13 17:45:44+00:00,2037,19697,Anyone know who the secret clients are? Let‚Äôs out them on Twitter rn haha. ,negative
1569730467322019842,2022-09-13 16:51:22+00:00,1264,21586,Rome show is underappreciated ,neutral
1569699453786898432,2022-09-13 14:48:08+00:00,3798,50694,üçø,neutral
1569480022481567749,2022-09-13 00:16:11+00:00,29608,375824,Take a moment to ‚Ä¶ ,neutral
1569450579633766402,2022-09-12 22:19:11+00:00,2375,38391,The residual value of gasoline cars bought today will be much lower than people think,positive
1569417348179759107,2022-09-12 20:07:08+00:00,14529,182685,Won‚Äôt be long before we view gasoline cars the same way we view steam engines today,negative
1569178980703502337,2022-09-12 04:19:57+00:00,1073,21294,Looks good to roll out to all Tesla owners with 10.12.2 (~100k cars)!,positive
1569076207194365953,2022-09-11 21:31:34+00:00,3273,47733,"FSD Beta 10.69.2 rolling out now. Please note that top priority is safety, so expect it to be overly cautious, especially around pedestrians.",positive
1568796529690902529,2022-09-11 03:00:14+00:00,12117,182740,Falcon arching to orbit ,neutral
1568788727014752257,2022-09-11 02:29:13+00:00,3531,47190,No obvious limit to rocket reflight so far ,positive
1568645533304233984,2022-09-10 17:00:13+00:00,1630,40030,Astronomy too,neutral
1568386909793325060,2022-09-09 23:52:33+00:00,10325,143328,Take Materials Science 101. You won‚Äôt regret it.,neutral
1568383953370767365,2022-09-09 23:40:48+00:00,6271,85355,A major Fed rate hike risks deflation,positive
1568364238451740674,2022-09-09 22:22:27+00:00,2291,39767,Tesla North America aiming for &gt;50% same hour service,neutral
1567805472039747585,2022-09-08 09:22:07+00:00,16071,109003,And remember üíï ,neutral
1567367045435609089,2022-09-07 04:19:58+00:00,4419,77180,‚ÄúThat‚Äôs not punny!‚Äù,neutral
1566936909980614662,2022-09-05 23:50:46+00:00,4595,47434,Order a Tesla Powerwall battery for blackout protection! ,neutral
1566853171720470528,2022-09-05 18:18:01+00:00,4370,80728,And 90% of my comments are bots ü§ñ ,neutral
1566852513235705856,2022-09-05 18:15:24+00:00,8599,134497,"Almost every male character so far is a coward, a jerk or both. Only Galadriel is brave, smart and nice.",positive
1566849074762059777,2022-09-05 18:01:44+00:00,27971,291012,Tolkien is turning in his grave,neutral
1565883786847326209,2022-09-03 02:06:02+00:00,7017,83606,,neutral
1565190122924015616,2022-09-01 04:09:39+00:00,3085,56822,"On a $/bot basis, this deal is awesome",positive
1565189065158311937,2022-09-01 04:05:27+00:00,11112,94146,"Sure sounds higher than 5%!
 ",positive
1564993132873146368,2022-08-31 15:06:53+00:00,5091,60741,Now launching every ~5 days ,neutral
1564747303646265346,2022-08-30 22:50:03+00:00,5603,116068,Spent the day walking entire Giga Berlin production line ‚Äì team is doing excellent work!,positive
1564744331554131971,2022-08-30 22:38:14+00:00,4948,66731,Kickass Internet connection coming Royal Caribbean ships soon! ,neutral
1564038071997300740,2022-08-28 23:51:49+00:00,5360,55652,This will happen again ‚Äì just a matter of time ,neutral
1564033992243945474,2022-08-28 23:35:36+00:00,4548,51660,Godspeed Artemis! ,neutral
1563949874067869696,2022-08-28 18:01:21+00:00,4861,71029,Please share some things in this thread which are working for you in life &amp; that others may find helpful!,neutral
1563948078415024129,2022-08-28 17:54:13+00:00,12860,207185,"From time to time, I will share some things that seem to be working for me, in case you find it helpful",neutral
1563944735730909185,2022-08-28 17:40:56+00:00,2082,45473,The Zero fasting app is quite good,positive
1563944510358712321,2022-08-28 17:40:02+00:00,13127,200260,"On advice of a good friend, I‚Äôve been fasting periodically &amp; feel healthier",positive
1563760585363185664,2022-08-28 05:29:11+00:00,2607,35537,Squeezing extra performance out of Falcon 9 ‚Äì almost at 17 metric tons to an actual useful orbit with booster &amp; fairing reusable! ,positive
1563292201043431424,2022-08-26 22:27:59+00:00,35092,304872,Countries should be increasing nuclear power generation! It is insane from a national security standpoint &amp; bad for the environment to shut them down.,negative
1563021346510372865,2022-08-26 04:31:43+00:00,3125,73671,(And I do think global warming is a major risk),positive
1563020753876193281,2022-08-26 04:29:21+00:00,3060,66287,Mark these words,neutral
1563020169160851456,2022-08-26 04:27:02+00:00,41140,355488,Population collapse due to low birth rates is a much bigger risk to civilization than global warming,negative
1562963693490475010,2022-08-26 00:42:37+00:00,2954,49124,"Note, connectivity will be 2 to 4 Mbits per cell zone, so will work great for texting &amp; voice calls, but not high bandwidth",positive
1562956451538014209,2022-08-26 00:13:51+00:00,20846,200117,"Starlink V2, launching next year, will transmit direct to mobile phones, eliminating dead zones worldwide",negative
1562935219644235776,2022-08-25 22:49:28+00:00,2594,26800,Livestream of big news in about an hour ,neutral
1562477813613047811,2022-08-24 16:31:54+00:00,4302,43411,This is something special ,positive
1562340989775511552,2022-08-24 07:28:13+00:00,3194,34395,The course of civilization is not always upward ,neutral
1562314849912119296,2022-08-24 05:44:21+00:00,11310,160970,Mechazilla loads Starship on launchpad ,neutral
1562135640598528000,2022-08-23 17:52:14+00:00,3397,24803,"So spam prevalence *was* shared with the board, but the board chose not disclose that to the public ‚Ä¶ ",neutral
1562105413977493504,2022-08-23 15:52:07+00:00,6782,97135,,neutral
1561608534629965826,2022-08-22 06:57:42+00:00,6813,96179,Neuralink progress update show &amp; tell on October 31 st (Halloween),neutral
1561607860101996544,2022-08-22 06:55:01+00:00,5809,75709,"2 main goals this year: 

- Starship to orbit
- FSD wide release

Many other things, of course, but those are the 2 giant kahunas. Will require insane work by many super talented people, but, if anyone can do it, they can. 

It is an honor to work with such awesome human beings.",positive
1561605094344466432,2022-08-22 06:44:02+00:00,996,16513,It is the fastest way to get between one downtown and another with known physics (and the Standard Model is proving quiet resilient)!,neutral
1561604589962625025,2022-08-22 06:42:02+00:00,1532,24617,Would be cool to do a (much simplified) Hyperloop demo tunnel between maybe Austin &amp; San Antonio?,positive
1561604107726716928,2022-08-22 06:40:07+00:00,743,12087,Now @boringcompany tunnels are in active use in Vegas. Try it if you‚Äôre in town. Will be expanding to connect all major destinations in Vegas plus airport.,negative
1561603367155163136,2022-08-22 06:37:10+00:00,235,6761,ü§£ü§£,neutral
1561602929957691392,2022-08-22 06:35:26+00:00,546,11376,Funny how there are often simultaneous reactions saying ‚Äúit‚Äôs impossible‚Äù and ‚Äúit was already done 3000 years ago‚Äù,negative
1561475238705401856,2022-08-21 22:08:02+00:00,17493,202404,üëø ,neutral
1561362967945531395,2022-08-21 14:41:54+00:00,1609,25435,"Note, you can upgrade your existing car to FSD in 2 mins via the Tesla app",neutral
1561362640261226499,2022-08-21 14:40:36+00:00,3154,39517,"After wide release of FSD Beta 10.69.2, price of FSD will rise to $15k in North America on September 5th. 

Current price will be honored for orders made before Sept 5th, but delivered later.",negative
1561361064163516417,2022-08-21 14:34:21+00:00,2088,24296,"FSD Beta 10.69 started rolling out to Tesla owners last night. This build is a big step forward!

10.69.1 probably end of week with wider release.

1069.2 in a few weeks should be good enough to provide to all FSD Beta participants.",positive
1560732675899817984,2022-08-19 20:57:21+00:00,2567,89503,Might need a new PO Box after tweeting this ü§£,positive
1560720224588120064,2022-08-19 20:07:52+00:00,7668,151272,"Nice letter from Bill Nix, who would‚Äôve been my prof at Stanford if I hadn‚Äôt put grad studies on (permanent) deferment ",positive
1560508081729044480,2022-08-19 06:04:54+00:00,31444,562096,Still so grateful ü•π ,neutral
1560466783567478784,2022-08-19 03:20:47+00:00,16805,221063,,neutral
1559832948538482690,2022-08-17 09:22:09+00:00,5953,94842,üé∂ This Magic Moment üé∂,positive
1559823434028400640,2022-08-17 08:44:21+00:00,80166,732791,Being a Mom is just as important as any career,positive
1559814335320432642,2022-08-17 08:08:12+00:00,1563,23844,Highly Recommend ,positive
1559766938498236416,2022-08-17 04:59:51+00:00,8867,155945,Standup is my side-hustle,neutral
1559691922725281800,2022-08-17 00:01:46+00:00,119726,885533,"Also, I‚Äôm buying Manchester United ur welcome",positive
1559690651687608321,2022-08-16 23:56:43+00:00,21035,366531,"To be clear, I support the left half of the Republican Party and the right half of the Democratic Party!",positive
1558867758368133122,2022-08-14 17:26:50+00:00,10240,159068,Congrats Giga Shanghai on making millionth car! Total Teslas made now over 3M. ,neutral
1558636751370928128,2022-08-14 02:08:54+00:00,22626,242067,Just Read The Instructions ,neutral
1558308952798019585,2022-08-13 04:26:20+00:00,1975,30659,Ahem @twitter ,neutral
1558303186326265857,2022-08-13 04:03:26+00:00,6721,94238,Adding the 13 inner engines ,neutral
1558292789959561220,2022-08-13 03:22:07+00:00,2524,31086,Another orbital plane of polar satellites ,negative
1558181270160609284,2022-08-12 19:58:59+00:00,3498,111168,it‚Äôs a sticky situation,neutral
1557957132707921920,2022-08-12 05:08:20+00:00,24501,364996,This will be Mars one day ,neutral
1557943469984956417,2022-08-12 04:14:03+00:00,49112,671409,but have u seen my sex tape ,neutral
1557815777654235136,2022-08-11 19:46:38+00:00,1838,41468,About to attempt long duration engine firing to test autogenous pressurization,negative
1557764571565240320,2022-08-11 16:23:10+00:00,9228,134602,Starship B7 static fire ,positive
1557759290219171841,2022-08-11 16:02:11+00:00,38946,259733,Fate üñ§ Irony ,neutral
1557602903791214593,2022-08-11 05:40:45+00:00,25169,255789,deep thot ,neutral
1557602588186578944,2022-08-11 05:39:30+00:00,41026,527252,,neutral
1557239006965821440,2022-08-10 05:34:46+00:00,3070,29541,8 years ago ,neutral
1557236629412007937,2022-08-10 05:25:19+00:00,3609,48264,"Tesla 500 mile range Semi Truck starts shipping this year, Cybertruck next year",neutral
1557235342570229760,2022-08-10 05:20:12+00:00,3491,36820,Wrote this 6 years ago ,neutral
1557200629365293056,2022-08-10 03:02:16+00:00,12756,195442,,neutral
1557199901737373696,2022-08-10 02:59:22+00:00,2641,33138,Quite the day ,neutral
1556406880624410631,2022-08-07 22:28:11+00:00,1686,28362,This release will be big,neutral
1556348857625092096,2022-08-07 18:37:37+00:00,10513,108787,,neutral
1556348552682430466,2022-08-07 18:36:25+00:00,2332,55210,Twitter has spoken ‚Ä¶,neutral
1556181455570714624,2022-08-07 07:32:26+00:00,5167,68698,FSD Beta 10.69 drops on 8/20,neutral
1556020160082939906,2022-08-06 20:51:30+00:00,3867,41667,Saxon James Musk ,neutral
1555951580339372032,2022-08-06 16:18:59+00:00,7319,67673,Less than 5% of Twitter daily users are fake/spam,negative
1555799183067684866,2022-08-06 06:13:25+00:00,3415,85946,I love the smell of hydraulic fluid in the morning,positive
1555794448826900480,2022-08-06 05:54:36+00:00,4164,90294,At launch pad ,neutral
1555726190450659328,2022-08-06 01:23:22+00:00,9295,147932,Moving rocket to launch pad ,neutral
1555628746719211520,2022-08-05 18:56:10+00:00,4126,67448,Hustling to get Starship Booster 7 back to pad to test outer ring of 20 engines,neutral
1555572717591699456,2022-08-05 15:13:31+00:00,4720,44528,Full Send Podcast ,positive
1555442024127537153,2022-08-05 06:34:11+00:00,4754,92594,Thank goodness for Senator Manchin,neutral
1554616046040059909,2022-08-02 23:52:03+00:00,6919,102280,The ratio of digital to biological compute is growing fast. Worth tracking.,positive
1554588005511434240,2022-08-02 22:00:38+00:00,3491,30747,Just came across this pretty good CNBC piece on SpaceX &amp; Starship ,positive
1554335028313718784,2022-08-02 05:15:23+00:00,5224,47251,Worth reading. This is a close match for my philosophy. ,positive
1554230257997209601,2022-08-01 22:19:04+00:00,2228,27412,Still time to vote! ,neutral
1554219847898333184,2022-08-01 21:37:42+00:00,16433,205200,,neutral
1554162151073501188,2022-08-01 17:48:26+00:00,3522,42531,X ‚ù§Ô∏è Doges,neutral
1554154670096015361,2022-08-01 17:18:42+00:00,3796,68667,,neutral
1553985248878379008,2022-08-01 06:05:29+00:00,14041,410419,Thanksgiving last year after watching one too many episodes of Vikings ,positive
1553871275751362560,2022-07-31 22:32:36+00:00,11083,151760,"If our reality is actually an alien soap opera, our ratings would be üöÄüí•üí´",negative
1553747872373522432,2022-07-31 14:22:14+00:00,45496,387539,Maybe free some people in jail for weed here too? ,positive
1553567946135556096,2022-07-31 02:27:16+00:00,2765,30683,Off to the Races set to Harley Quinn ,neutral
1553384946219229184,2022-07-30 14:20:06+00:00,14808,171528,"Some people are no nonsense, but, personally, I like a little nonsense",negative
1553380278407675905,2022-07-30 14:01:33+00:00,17904,270692,Tesla + Twitter -&gt; Twizzler,neutral
1553377779810459648,2022-07-30 13:51:37+00:00,7894,137141,Interaction with almost all twitter accounts seem to be much lower in recent weeks &amp; days. Accurate?,positive
1553276763148517377,2022-07-30 07:10:13+00:00,3295,46856,Saxon ,neutral
1553202141736706050,2022-07-30 02:13:42+00:00,4962,73911,Friend made this for me 2 years ago ,neutral
1553195274264354816,2022-07-30 01:46:25+00:00,10149,160481,Try voice command ‚Äúopen butthole‚Äù on your Tesla,neutral
1553194589623918593,2022-07-30 01:43:41+00:00,28862,343797,,neutral
1553170788454465536,2022-07-30 00:09:07+00:00,4353,67641,Heatwave in Shortville ü•µ,neutral
1553029208057810945,2022-07-29 14:46:31+00:00,5567,97658,"I can‚Äôt say for sure that Starship will reach escape velocity, but my hubris certainly has",positive
1552814045354409985,2022-07-29 00:31:32+00:00,2386,51754,More Tesla commodity prices are trending down than up fwiw,positive
1552813560320901122,2022-07-29 00:29:37+00:00,11200,163101,Inflation might be trending down,negative
1552501701994758145,2022-07-28 03:50:24+00:00,21195,274294,Much harder to make friends than enemies. My skill at the latter is improving.,negative
1552324811153707018,2022-07-27 16:07:30+00:00,40327,340366,The media is a click-seeking machine dressed up as a truth-seeking machine,neutral
1552318004343488514,2022-07-27 15:40:27+00:00,4722,77045,This is compatible with existing religions ‚Äì surely God would want us to see Creation?,positive
1552317587694010368,2022-07-27 15:38:48+00:00,16747,163117,"A new philosophy of the future is needed. I believe it should be curiosity about the Universe ‚Äì expand humanity to become a multiplanet, then interstellar, species to see what‚Äôs out there.",positive
1551698120328749056,2022-07-25 22:37:15+00:00,20441,385999,"The amount of attention on me has gone supernova, which super sucks. Unfortunately, even trivial articles about me generate a lot of clicks :(

Will try my best to be heads down focused on doing useful things for civilization.",negative
1551668848000114689,2022-07-25 20:40:56+00:00,12704,214530,All Teslas come with a free karaoke app ,positive
1551643409907159041,2022-07-25 18:59:51+00:00,1289,30787,Das Baby would be a hit!,neutral
1551557938573189120,2022-07-25 13:20:13+00:00,5977,72522,"Single-piece casting reduces weight, greatly simplifies factory, increases ride quality &amp; reduces road noise ",positive
1551449829926207490,2022-07-25 06:10:38+00:00,11268,226218,What video games have you enjoyed most over past year or two?,positive
1551418072866717697,2022-07-25 04:04:27+00:00,4073,76269,"Movie idea: Boss Baby meets Das Boot
Das Baby ‚Äì ‚ÄúHijinks on the High Seas!‚Äù",positive
1551385601139650560,2022-07-25 01:55:25+00:00,1934,35568,Ironic that Disney would disparage an entire class of rodents when their main character is a rodent ‚Äì jealous maybe?,positive
1551338477844779008,2022-07-24 22:48:10+00:00,3418,40946,"The dark origin of the lemming mass suicide myth ‚Ä¶
",negative
1551059005560172544,2022-07-24 04:17:38+00:00,2993,37014,From SJM ,neutral
1551054131413991424,2022-07-24 03:58:16+00:00,20681,321489,,neutral
1551053060490678272,2022-07-24 03:54:01+00:00,1225,29726,Schadenfreude oder Schatzifreude?,neutral
1551043059701657601,2022-07-24 03:14:17+00:00,3147,63543,Gehalt und Gestalt,neutral
1550816088300179459,2022-07-23 12:12:22+00:00,6707,107945,Excited to work with Tesla Service to enable same-hour service as often as possible! Applying Formula 1 pit crew techniques to Teslas.,positive
1550556670337630209,2022-07-22 19:01:32+00:00,6820,71615,"Starlink now available in 36 countries!
",positive
1550556341827211265,2022-07-22 19:00:14+00:00,3031,46623,Congrats to SpaceX team on record number of launches! ,neutral
1550474712714805250,2022-07-22 13:35:52+00:00,19703,270049,Optimus Primed ,neutral
1549959479621324802,2022-07-21 03:28:31+00:00,32164,411715,ü•á ,neutral
1549447559713890306,2022-07-19 17:34:20+00:00,7398,107581,One of the best features of Model X ,positive
1549423649463181312,2022-07-19 15:59:19+00:00,2484,39110,"To think that Fremont was just a derelict building &amp; Giga Nevada was just rocks &amp; bushes when started!

California used to have a dozen car factories. NUMMI was last to close. Now, Tesla Fremont is the biggest car factory in North America!",neutral
1549422655656275968,2022-07-19 15:55:22+00:00,6418,112193,Congrats to Tesla Fremont + Giga Nevada for making their 2 millionth car!,neutral
1549288086944845825,2022-07-19 07:00:38+00:00,3041,34361,Please vote your shares with Tesla! ,neutral
1549126205529628672,2022-07-18 20:17:23+00:00,29845,357106,,neutral
1547927887734456322,2022-07-15 12:55:42+00:00,19924,228662,"Tesla is to protect life on Earth,
SpaceX to extend life beyond.",neutral
1547919176299270146,2022-07-15 12:21:05+00:00,8844,149540,"Mars may be a fixer upper of a planet, but it has great potential!",positive
1547793837443035136,2022-07-15 04:03:02+00:00,48056,633911,,neutral
1547743421581864963,2022-07-15 00:42:42+00:00,3975,50550,Dragon launching in 2 mins ,neutral
1547250280667828224,2022-07-13 16:03:08+00:00,4695,107010,Gives whole new meaning to Go Pros!,positive
1547238325907513346,2022-07-13 15:15:37+00:00,54849,498188,A+ for cinematography ,neutral
1547094594466332672,2022-07-13 05:44:29+00:00,1991,44400,"Was just up in the booster propulsion section. Damage appears to be minor, but we need to inspect all the engines. Best to do this in the high bay.",positive
1547093032301985794,2022-07-13 05:38:17+00:00,6884,114221,Starship launch site tonight ,neutral
1547028854161788929,2022-07-13 01:23:15+00:00,5273,96880,Excited about @NASAWebb potential!,positive
1546980241494745100,2022-07-12 22:10:05+00:00,12988,226768,Oh the irony lol,positive
1546666417759653888,2022-07-12 01:23:04+00:00,4980,79838,"Tesla‚Äôs automatic cabin overheat protection should make a real difference with record heatwaves.

Ability to adjust activation temperature coming with next software release.",positive
1546598042844991489,2022-07-11 20:51:22+00:00,18419,304029,,neutral
1546518224887496705,2022-07-11 15:34:12+00:00,30276,371915,"For improved quality of sleep, raise head of your bed by about 3‚Äù or 5cm and don‚Äôt eat 3 hours before bedtime",neutral
1546367753870770177,2022-07-11 05:36:17+00:00,4800,55855,These polar launches will enable complete coverage of Earth (where approved by local government) ,positive
1546361634347749376,2022-07-11 05:11:58+00:00,8179,186766,Chuckmate,neutral
1546345773348147201,2022-07-11 04:08:56+00:00,26132,364536,,neutral
1546344529460174849,2022-07-11 04:04:00+00:00,128712,1140425,,neutral
1545166492408328193,2022-07-07 22:02:54+00:00,7644,138140,Super fired up for future product development with our awesome Tesla team! Such an honor to work with them.,positive
1545150462214623232,2022-07-07 20:59:12+00:00,7967,103663,Starlink for boats! ,neutral
1545051509020192768,2022-07-07 14:26:00+00:00,6556,121040,Maybe Tesla should make a highly configurable Robovan for people &amp; cargo?,positive
1545049944796516357,2022-07-07 14:19:47+00:00,16776,262562,I hope you have big families and congrats to those who already do!,neutral
1545049435654172675,2022-07-07 14:17:45+00:00,17878,306256,Population of Mars is still zero people!,neutral
1545047278976524294,2022-07-07 14:09:11+00:00,3768,78210,"Mark my words, they are sadly true",positive
1545046146548019201,2022-07-07 14:04:41+00:00,24867,267756,"Doing my best to help the underpopulation crisis. 

A collapsing birth rate is the biggest danger civilization faces by far.",positive
1544790652969533441,2022-07-06 21:09:27+00:00,3970,37382,"Highly recommend Revolutions by Mike Duncan, especially Season 10 ",positive
1544721101238018048,2022-07-06 16:33:04+00:00,7226,144889,"Moon brought us together in ‚Äò69,
Mars can do that in the future",neutral
1544720926020968453,2022-07-06 16:32:22+00:00,9410,143294,"Without a common goal, 
humanity will fight itself",negative
1544636989647032321,2022-07-06 10:58:50+00:00,46892,584878,Humanity will reach Mars in your lifetime,neutral
1544615634453020673,2022-07-06 09:33:59+00:00,5959,102219,Flatulence Earther,neutral
1544377493263720450,2022-07-05 17:47:42+00:00,1454,30560,"Sock Con, the conference for socks",neutral
1544377130590552064,2022-07-05 17:46:15+00:00,1288,28423,Always something new for the magazine cover and the articles practically write themselves,positive
1544376599134494729,2022-07-05 17:44:09+00:00,2961,56464,A veritable ‚Äúsock aficionado‚Äù,neutral
1544375148605853699,2022-07-05 17:38:23+00:00,1217,23747,Sock tech is so advanced that you can get pretty much anything in sock form these days!,positive
1544374564255309826,2022-07-05 17:36:03+00:00,4645,95011,I must confess to a penchant for creative socks,positive
1544059562864640011,2022-07-04 20:44:21+00:00,8820,163298,Elvis is just Elvish without an h,neutral
1544052094419832836,2022-07-04 20:14:41+00:00,16067,289490,Happy July 4th! ,positive
1544051155562598401,2022-07-04 20:10:57+00:00,31929,312395,,neutral
1543050489050402816,2022-07-02 01:54:39+00:00,18697,310761,Honored to meet @Pontifex yesterday ,neutral
1543047940683464705,2022-07-02 01:44:32+00:00,8686,242974,"Venice, a site of Great Remembrance ",positive
1543046762021228544,2022-07-02 01:39:51+00:00,20668,337087,Feeling ‚Ä¶ perhaps ‚Ä¶ a little bored?,negative
1543046254397009922,2022-07-02 01:37:50+00:00,14435,166966,Wise words from SJM ,positive
1539275446625476614,2022-06-21 15:53:59+00:00,68735,760790,,neutral
1539031248638812160,2022-06-20 23:43:38+00:00,14709,143827,AI gets better every day ,positive
1538998865495564291,2022-06-20 21:34:57+00:00,2320,39774,Some great suggestions in the comments!,positive
1538992942983127040,2022-06-20 21:11:25+00:00,1606,30384,"But sometimes they‚Äôre out of stock
",neutral
1538991118603411461,2022-06-20 21:04:10+00:00,2472,50425,The sheer variety of cheese is amazing,positive
1538986794703781888,2022-06-20 20:46:59+00:00,9726,185106,What ‚Ä¶ is your favorite cheese?,positive
1538406040374595585,2022-06-19 06:19:16+00:00,36113,389459,I will keep supporting Dogecoin,positive
1538403887635390465,2022-06-19 06:10:43+00:00,5087,90309,üíïüíï shadow crew üíïüíï,neutral
1538399223317676035,2022-06-19 05:52:11+00:00,6812,210589,I love all my kids so much,positive
1538397546510426112,2022-06-19 05:45:31+00:00,30696,436084,Happy Father‚Äôs Day,positive
1538396007167365120,2022-06-19 05:39:24+00:00,3353,62756,"If you can‚Äôt smell your wifi, how do you know it‚Äôs real?",positive
1538394661483687936,2022-06-19 05:34:03+00:00,4411,58028,Congrats to SpaceX Falcon team for executing 3 flawless launches in 2 days! ,positive
1538208757905297409,2022-06-18 17:15:21+00:00,2691,46461,To answer the question: Why Twitter?,neutral
1538205372892303360,2022-06-18 17:01:54+00:00,1585,48684,This will encourage people to change it haha,positive
1538203601234976769,2022-06-18 16:54:51+00:00,1647,48578,I‚Äôm pretty sure that unique,positive
1538202890258591744,2022-06-18 16:52:02+00:00,8285,151171,We‚Äôre changing Starlink‚Äôs default wifi name to Stinky,neutral
1538201177824931848,2022-06-18 16:45:13+00:00,7308,90562,"This is where 
the writers are,

Of past,
Present,
And Future.",negative
1538196236896960512,2022-06-18 16:25:35+00:00,3398,48694,Feels like d√©j√† vu all over again haha ,positive
1537997699793833985,2022-06-18 03:16:40+00:00,6197,105141,Congratulations to Giga Berlin team on making over 1000 cars in a week! ,neutral
1537975779379662852,2022-06-18 01:49:34+00:00,2856,47272,"It may as be a documentary, since it‚Äôs coming true",positive
1537970070307020808,2022-06-18 01:26:53+00:00,9533,78834,"Watch the opening scene of Idiocracy. 

When I ask my friends why they‚Äôre not yet having kids (very few are), it sounds exactly like the movie.

",negative
1537964882074562561,2022-06-18 01:06:16+00:00,8606,196075,Or perhaps social media in general,positive
1537962566638415872,2022-06-18 00:57:04+00:00,33547,429629,Is TikTok destroying civilization? Some people think so.,negative
1537906813797945347,2022-06-17 21:15:31+00:00,41562,565578,,neutral
1537845131147190273,2022-06-17 17:10:25+00:00,3214,75505,And rocket landings are now triple digits,neutral
1537844931351531521,2022-06-17 17:09:38+00:00,11390,133711,"Our best landing video to date, thanks to Starlink! ",positive
1537340314695917568,2022-06-16 07:44:28+00:00,7668,84829,Civilization sterilized,neutral
1537340121011441664,2022-06-16 07:43:41+00:00,2063,59333,"Amazing flying scenes were to be expected, but the writing is good too",positive
1537219088283381760,2022-06-15 23:42:45+00:00,10434,168973,"I‚Äôm dressing as a sink on Halloween, as they will have no choice but to let me in",neutral
1537122094147854339,2022-06-15 17:17:20+00:00,12564,254504,Original Top Gun is a great movie. Just rewatched. Looking forward to seeing the sequel.,positive
1536896085557399552,2022-06-15 02:19:15+00:00,9960,154632,Starship SN24 in the High Bay ,positive
1536874842783244288,2022-06-15 00:54:50+00:00,22046,272310,Cryptonight,neutral
1536792520042102786,2022-06-14 19:27:43+00:00,34402,512013,,neutral
1536753437870030848,2022-06-14 16:52:25+00:00,3045,53543,"This is highly unusual btw. Statistically, the richer someone is, the fewer kids they have.",positive
1536744900661755906,2022-06-14 16:18:30+00:00,9856,135698,"Don‚Äôt build moats, build tech trees",neutral
1536560961372438529,2022-06-14 04:07:35+00:00,5378,162077,"I mean, I‚Äôm doing my part haha",negative
1536560735480082432,2022-06-14 04:06:41+00:00,4399,87110,Past two years have been a demographic disaster,negative
1536087736389599232,2022-06-12 20:47:10+00:00,21680,279385,Words are beautiful,positive
1536082514208604161,2022-06-12 20:26:25+00:00,10592,126036,True experts even read wiki citations ,positive
1536057154544848901,2022-06-12 18:45:38+00:00,5795,103890,Make Austin weirder!,neutral
1535749847944511490,2022-06-11 22:24:31+00:00,47050,464289,Humor is one of the great joys of life!,positive
1535478522550136834,2022-06-11 04:26:22+00:00,13543,186479,"33 Raptor rocket engines, each producing 230 metric tons of force ",neutral
1535145201903312896,2022-06-10 06:21:52+00:00,5219,66671,Play video games wherever you want ,neutral
1535132423876497410,2022-06-10 05:31:05+00:00,15342,196423,Real talk ,positive
1534198302589128704,2022-06-07 15:39:14+00:00,47354,644955,,neutral
1534196611978383361,2022-06-07 15:32:30+00:00,47084,635175,YouTube seems to be nonstop scam ads,neutral
1533857698575310848,2022-06-06 17:05:47+00:00,7690,147828,"What resolution is life in, 8k? ‚Äì SJM",neutral
1533619000986554368,2022-06-06 01:17:17+00:00,19582,285701,If chess was released as a video game ,negative
1533616384747442176,2022-06-06 01:06:53+00:00,19099,172649,The acid test for any two competing socioeconomic systems is which side needs to build a wall to keep people from escaping? That‚Äôs the bad one!,negative
1533606056756137985,2022-06-06 00:25:51+00:00,6305,80814,"Realized what I have in common with environmentalists, but also why they‚Äôre so annoyingly wrong: 

They are conservationists of what is, whereas they should be conservationists of our potential over time, our cosmic endowment.

(From a friend)",negative
1533603431373578241,2022-06-06 00:15:25+00:00,2557,47327,"From Shakespeare‚Äôs The Tempest, but I much prefer it literally vs ironically",positive
1533603131606671361,2022-06-06 00:14:14+00:00,5996,83712,"O wonder!
How many goodly creatures are there here!
How beauteous mankind is! O brave new world,
That has such people in't.",positive
1533413197629296640,2022-06-05 11:39:30+00:00,31179,400330,"Some hate humanity, but I love humanity so much",negative
1533410745429413888,2022-06-05 11:29:45+00:00,12012,126524,"Making life multiplanetary expands the scope &amp; scale of consciousness. 

It also enables us to backup the biosphere, protecting all life as we know it from a calamity on Earth.

Humanity is life‚Äôs steward, as no other species can transport life to Mars. We can‚Äôt let them down.",negative
1533408313894912001,2022-06-05 11:20:06+00:00,6134,57631,Deck from SpaceX all-hands update talk I gave last week ,neutral
1533179948743151616,2022-06-04 20:12:39+00:00,2502,34428,"Also, FSD Beta 10.12.2 now expanding to 100k cars. 

10.13 smooths out intersection control, especially long lefts, and starts to handle roads with no map data at all. 

Last point is a big deal. Within a few months, FSD should be able to drive to a GPS point with zero map data.",positive
1533178078683357189,2022-06-04 20:05:13+00:00,4890,83322,"Working on Tesla North American service. 

Goal is 2/3 of cars receive same-day service, no wait.",neutral
1533173533966221312,2022-06-04 19:47:10+00:00,10155,170875,"Sometimes I think my list of enemies is too short, so ‚Ä¶",neutral
1533161114586042369,2022-06-04 18:57:49+00:00,73911,438500,Only thing more remarkable than DOJ not leaking the list is that no one in the media cares. Doesn‚Äôt that seem odd? ,positive
1533132430386896896,2022-06-04 17:03:50+00:00,3830,43900,Four Falcon Heavy flights later this year by an incredible team at SpaceX ,positive
1532936274050486272,2022-06-04 04:04:22+00:00,5628,98698,Getty watermark is the coup de gr√¢ce ,neutral
1532933207276019712,2022-06-04 03:52:11+00:00,21890,248237,Diabolical! ,neutral
1532906874386976769,2022-06-04 02:07:33+00:00,10904,173843,,neutral
1532899718401073152,2022-06-04 01:39:07+00:00,35283,210147,Johnny Rotten of The Sex Pistols ,neutral
1532715028742385668,2022-06-03 13:25:13+00:00,7669,98289,"It is rare for me to endorse political candidates. 

My political leanings are moderate, so neither fully Republican nor Democrat, which I am confident is the case for most Americans.

Executive competence is super underrated in politics ‚Äì we should care about that a lot more!",positive
1532710931590959104,2022-06-03 13:08:57+00:00,7532,109895,Los Angeles is fortunate to have someone like Rick Caruso running for mayor. He‚Äôs awesome.,positive
1532525711763841043,2022-06-03 00:52:57+00:00,8852,126787,"Tesla AI Day pushed to Sept 30, as we may have an Optimus prototype working by then",neutral
1532030554778087424,2022-06-01 16:05:22+00:00,4186,67598,"We are trying to accelerate sustainable energy, so what matters is how much someone can contribute to that goal. 

Personal choices are your own and are respected.",positive
1532028817157591041,2022-06-01 15:58:28+00:00,4796,64194,"Tesla scores 100/100 for 7th year in a row for LGBTQ equality
 ",neutral
1531733235625074688,2022-05-31 20:23:56+00:00,5455,63691,10 years since SpaceX‚Äôs first mission to @Space_Station ,positive
1531647849599057921,2022-05-31 14:44:38+00:00,138803,1424156,,neutral
1531468200847736838,2022-05-31 02:50:47+00:00,44174,467200,Literally ‚Ä¶ ,neutral
1531352393673318401,2022-05-30 19:10:36+00:00,4105,92220,Tesla Plaid S cruising around Austin with volume at 11 is sublime,neutral
1531352163691204610,2022-05-30 19:09:41+00:00,4226,68202,Veridis Quo,neutral
1531339927430090752,2022-05-30 18:21:04+00:00,32199,505381,I miss them ,neutral
1531322193010954240,2022-05-30 17:10:36+00:00,24099,302129,üëÄ ,neutral
1531279278624612352,2022-05-30 14:20:04+00:00,34722,386688,In remembrance of those who fell to preserve the light of freedom,positive
1531174382260961280,2022-05-30 07:23:15+00:00,14189,229643,,neutral
1531056042494377985,2022-05-29 23:33:00+00:00,20461,233126,And remember that happiness is a choice,positive
1531053815042134016,2022-05-29 23:24:09+00:00,44277,423864,Tomorrow will be the first sunrise of the rest of ur life ‚Äì make it what u want,positive
1531038815363670017,2022-05-29 22:24:33+00:00,8620,117406,"When thinking about deep time, what is more astounding is to think about how much time is ahead!",positive
1531013461852954624,2022-05-29 20:43:48+00:00,2697,48722,"Ave Maria 
@AndreaBocelli",neutral
1531012101371744258,2022-05-29 20:38:24+00:00,5398,88134,Con te ‚Ä¶ partir√≤,neutral
1530516552084234244,2022-05-28 11:49:16+00:00,26910,381119,,neutral
1530380264966434823,2022-05-28 02:47:42+00:00,98007,1196459,,neutral
1530291776665243648,2022-05-27 20:56:05+00:00,11081,155462,Great potential to lift people out of poverty. Providing Internet is teaching people to fish.,positive
1530291267652898816,2022-05-27 20:54:04+00:00,17639,225113,One Starlink can provide Internet for an entire school of hundreds of students,neutral
1530234643219243009,2022-05-27 17:09:03+00:00,15971,101097,"Starlink approved by Nigeria üá≥üá¨ &amp; Mozambique üá≤üáø
",neutral
1530210776027303937,2022-05-27 15:34:13+00:00,10913,95810,"Starlink approved by The Philippines üáµüá≠
",neutral
1530209049261658112,2022-05-27 15:27:21+00:00,18872,199320,"Tesla merch can be bought with Doge, soon SpaceX merch too",neutral
1530097076322717696,2022-05-27 08:02:25+00:00,33227,339575,,neutral
1530096334744588288,2022-05-27 07:59:28+00:00,9342,165883,,neutral
1529996557289893888,2022-05-27 01:22:59+00:00,21498,325518,"Ya know, it‚Äôs pretty damn great to be able to talk to people from all walks of life and many countries on Twitter!

So much to be learned, even from the harshest critics. 

Basically ‚Ä¶ I‚Äôm just saying I love all you crazy people ‚ô•Ô∏è‚ô•Ô∏è",positive
1529995861807091712,2022-05-27 01:20:14+00:00,2105,56128,Many insightful comments in the mentions,positive
1529975997356990464,2022-05-27 00:01:18+00:00,14627,212122,.@aoc I dare you to run the same poll with your followers,neutral
1529974275180052480,2022-05-26 23:54:27+00:00,30878,179742,Who do you trust less? Real question.,positive
1529964786489909250,2022-05-26 23:16:45+00:00,3063,67584,If the reason for it is building products that make millions of people happy,positive
1529961091656212514,2022-05-26 23:02:04+00:00,9130,152598,Use of the word ‚Äúbillionaire‚Äù as a pejorative is morally wrong &amp; dumb üòõ,negative
1529956471257063433,2022-05-26 22:43:42+00:00,1804,63861,Almost ten years ago,neutral
1529875823184035841,2022-05-26 17:23:14+00:00,3305,80586,"I‚Äôm a fan of Jack btw. Wish he would stay on the board, but I understand that he needs to move on.",neutral
1529870528688930818,2022-05-26 17:02:12+00:00,3115,80552,(Of Twitter),neutral
1529869999803965446,2022-05-26 17:00:06+00:00,12199,188183,Jack off the board!,neutral
1529864162804899843,2022-05-26 16:36:54+00:00,54656,519943,Politics is a sadness generator,neutral
1529631046454677505,2022-05-26 01:10:35+00:00,13229,216321,"Landed back at Cape Canaveral
(Humans for scale) ",neutral
1529630765872467968,2022-05-26 01:09:28+00:00,11225,217264,Falcon 9 going supersonic ,neutral
1529545102447759366,2022-05-25 19:29:04+00:00,29820,354376,,neutral
1529193812949614594,2022-05-24 20:13:10+00:00,20575,138519,Population collapse is the biggest threat to civilization ,neutral
1529100718065569792,2022-05-24 14:03:15+00:00,9713,144947,"Contrary to what many think, the richer someone is, the fewer kids they have.

I am a rare exception. Most people I know have zero or one kid.",positive
1529097667858546689,2022-05-24 13:51:07+00:00,47338,328539,USA birth rate has been below min sustainable levels for ~50 years ,neutral
1528876319362240514,2022-05-23 23:11:34+00:00,9779,94102,"Starlink now available for RVs, campers &amp; other large vehicle users (note, antenna too big for cars) ",positive
1528736434445860871,2022-05-23 13:55:43+00:00,8910,104335,"Netflix documentary about returning astronauts to orbit after Space Shuttle program ended 
 ",neutral
1528576711209766914,2022-05-23 03:21:02+00:00,26086,338318,"Elden Ring, experienced in its entirety, is the most beautiful art I have ever seen",positive
1528158783746101248,2022-05-21 23:40:20+00:00,9792,161923,,neutral
1527781808875642881,2022-05-20 22:42:22+00:00,3958,47253,Accurate ,positive
1527774704018280448,2022-05-20 22:14:08+00:00,13452,134576,"Looking for hardcore streetfighters, not white-shoe lawyers like Perkins or Cooley who thrive on corruption. 

There will be blood.",neutral
1527758961772007424,2022-05-20 21:11:35+00:00,4493,76113,Please include links to cases you have tried,neutral
1527749734668050433,2022-05-20 20:34:55+00:00,8009,95451,"My commitment:

- We will never seek victory in a just case against us, even if we will probably win. 

- We will never surrender/settle an unjust case against us, even if we will probably lose.",positive
1527748229470646272,2022-05-20 20:28:56+00:00,22196,214511,"Tesla is building a hardcore litigation department where we directly initiate &amp; execute lawsuits. The team will report directly to me. 

Please send 3 to 5 bullet points describing evidence of exceptional ability.

justice@tesla.com",positive
1527733001584623618,2022-05-20 19:28:26+00:00,20584,249434,Sus man,neutral
1527708901600157696,2022-05-20 17:52:40+00:00,6210,51712,"Worth watching this interview with @theallinpod. The May 16 date is important.
",positive
1527645516258955266,2022-05-20 13:40:48+00:00,52924,588150,"Super excited to be in Brazil for launch of Starlink for 19,000 unconnected schools in rural areas &amp; environmental monitoring of Amazon! üáßüá∑ üå≥ üõ∞ ‚ô•Ô∏è",positive
1527525498460508160,2022-05-20 05:43:53+00:00,25930,280977,"Finally, we get to use Elongate as scandal name. It‚Äôs kinda perfect. ü§£ ",positive
1527491436005957633,2022-05-20 03:28:32+00:00,78984,714249,The attacks against me should be viewed through a political lens ‚Äì this is their standard (despicable) playbook ‚Äì but nothing will deter me from fighting for a good future and your right to free speech,positive
1527418023069503511,2022-05-19 22:36:49+00:00,17606,249967,"To be clear, I‚Äôm spending &lt;5% (but actually) of my time on the Twitter acquisition. It ain‚Äôt rocket science!

Yesterday was Giga Texas, today is Starbase. Tesla is on my mind 24/7.

So may seem like below, but not true. ",negative
1527397380001234944,2022-05-19 21:14:47+00:00,21244,288521,,neutral
1527347447822815232,2022-05-19 17:56:22+00:00,27422,259055,,neutral
1527344969471520768,2022-05-19 17:46:32+00:00,28638,355503,,neutral
1527343513867735042,2022-05-19 17:40:45+00:00,7595,76584,Wise words ,positive
1527341913736564755,2022-05-19 17:34:23+00:00,6358,76426,"Good night, sweet maestro, and flights of angels sing thee to thy rest ",positive
1527317718931677186,2022-05-19 15:58:15+00:00,4381,75337,"This is what most people in America want, but unfortunately it‚Äôs not realistic. 

Generally, the party with less power (currently Republicans at national level) moves more toward center to win moderate votes, so control of House/Senate/President goes back &amp; forth over time.",positive
1527315290132185088,2022-05-19 15:48:35+00:00,16643,240377,A party more moderate on all issues than either Reps or Dems would be ideal,positive
1527297765599981574,2022-05-19 14:38:57+00:00,15028,217623,"Judging by the relentless hatestream from the far left, this tweet was spot on",positive
1527185313919127553,2022-05-19 07:12:07+00:00,6997,116681,,neutral
1527156117553483783,2022-05-19 05:16:06+00:00,14282,225407,What I love most about wacktivists is their incredible sense of humor üëº,positive
1527152372413251584,2022-05-19 05:01:13+00:00,3523,76137,A clear case of wacktivism,positive
1527146826784296962,2022-05-19 04:39:11+00:00,4444,78221,Yup ,neutral
1527093444899905536,2022-05-19 01:07:03+00:00,7072,107546,Another batch of Starlinks reach orbit ,neutral
1527092956477509634,2022-05-19 01:05:07+00:00,20864,343154,üòõ üçø,neutral
1526997132858822658,2022-05-18 18:44:21+00:00,119253,824335,"In the past I voted Democrat, because they were (mostly) the kindness party.

But they have become the party of division &amp; hate, so I can no longer support them and will vote Republican.

Now, watch their dirty tricks campaign against me unfold ‚Ä¶ üçø",negative
1526961753619369987,2022-05-18 16:23:46+00:00,28235,238416,Despite Tesla doing more for the environment than any company ever! ,positive
1526961470562508802,2022-05-18 16:22:38+00:00,53445,636611,Political attacks on me will escalate dramatically in coming months,neutral
1526960512231153664,2022-05-18 16:18:50+00:00,7184,101781,.@SPGlobalRatings has lost their integrity,neutral
1526958110023245829,2022-05-18 16:09:17+00:00,41717,303385,"Exxon is rated top ten best in world for environment, social &amp; governance (ESG) by S&amp;P 500, while Tesla didn‚Äôt make the list!

ESG is a scam. It has been weaponized by phony social justice warriors.",positive
1526844011746582529,2022-05-18 08:35:54+00:00,2849,73604,Even applied 2 urslf,neutral
1526823877724217348,2022-05-18 07:15:54+00:00,16849,224356,bullsh*t baffles brains,neutral
1526685434910212102,2022-05-17 22:05:46+00:00,8956,138894,Tesla AI Day #2 on Aug 19. So many cool updates!,positive
1526598807722549248,2022-05-17 16:21:33+00:00,13187,105962,"Twitter claims that &gt;95% of daily active users are real, unique humans. Does anyone have that experience?",positive
1525739780323016704,2022-05-15 07:28:05+00:00,8819,127849,Not to mention potential bugs in the code. Open source is the way to go to solve both trust and efficacy.,neutral
1525738556102164480,2022-05-15 07:23:13+00:00,12184,154258,"I‚Äôm not suggesting malice in the algorithm, but rather that it‚Äôs trying to guess what you might want to read and, in doing so, inadvertently manipulate/amplify your viewpoints without you realizing this is happening",neutral
1525664924432846848,2022-05-15 02:30:38+00:00,8382,150129,"Iconic
laconic
!platonic",positive
1525650872763555847,2022-05-15 01:34:47+00:00,1423,52378,Incredible art,positive
1525650288560029702,2022-05-15 01:32:28+00:00,1767,63750,Great shoes,positive
1525638419958972419,2022-05-15 00:45:18+00:00,11430,195609,Borderline too sexy ,positive
1525632639151099906,2022-05-15 00:22:20+00:00,3773,75758,"Sooo tasty at first, but then no more golden eggs ‚Ä¶",positive
1525631880279822337,2022-05-15 00:19:19+00:00,9772,156425,The Golden State is cooking its golden geese,positive
1525625936007372802,2022-05-14 23:55:42+00:00,5180,48842,The Lawyers Who Ate California ,neutral
1525614005045313536,2022-05-14 23:08:17+00:00,12674,197665,(This message brought to you by the Illuminaughty),neutral
1525612988115320838,2022-05-14 23:04:15+00:00,92748,538266,"Very important to fix your Twitter feed:

1. Tap home button.
2. Tap stars on upper right of screen.
3. Select ‚ÄúLatest tweets‚Äù.

You are being manipulated by the algorithm in ways you don‚Äôt realize.

Easy to switch back &amp; forth to see the difference.",positive
1525550091586506752,2022-05-14 18:54:19+00:00,5767,124993,"At least, that‚Äôs what the lib hivemind thinks haha",negative
1525549535786717184,2022-05-14 18:52:07+00:00,30546,387518,Whoever thought owning the libs would be cheap never tried to acquire a social media company!,positive
1525305145239781377,2022-05-14 02:41:00+00:00,55955,812334,The bots are angry at being counted ü§£,negative
1525291586669531137,2022-05-14 01:47:07+00:00,9991,123115,"To find out, my team will do a random sample of 100 followers of @twitter. 

I invite others to repeat the same process and see what they discover ‚Ä¶",negative
1525080945274998785,2022-05-13 11:50:06+00:00,11866,197863,Still committed to acquisition,neutral
1525049369552048129,2022-05-13 09:44:38+00:00,27561,231102,"Twitter deal temporarily on hold pending details supporting calculation that spam/fake accounts do indeed represent less than 5% of users
",positive
1525029640808476673,2022-05-13 08:26:14+00:00,4399,84669,The straw war is emblematic of larger social issues,positive
1524930630990974976,2022-05-13 01:52:48+00:00,3237,93987,How did it even start?,neutral
1524925223027388416,2022-05-13 01:31:19+00:00,3721,90470,The last straw was the last straw!,neutral
1524924666942349312,2022-05-13 01:29:06+00:00,20365,274269,Stop the war on straws! ,neutral
1524911860037963776,2022-05-13 00:38:13+00:00,8859,95506,Updated Starlink availability by region ,neutral
1524883482836623373,2022-05-12 22:45:27+00:00,93870,1079557,"Biden‚Äôs mistake is that he thinks he was elected to transform the country, but actually everyone just wanted less drama",negative
1524881263470993435,2022-05-12 22:36:38+00:00,40827,579728,"Even though I think a less divisive candidate would be better in 2024, I still think Trump should be restored to Twitter",positive
1524877470343766017,2022-05-12 22:21:34+00:00,25287,342381,Don‚Äôt Diss Information,neutral
1524546271964504066,2022-05-12 00:25:30+00:00,12730,215973,Tap on the stars in upper right of screen to revert to chronological,positive
1524546085590646786,2022-05-12 00:24:46+00:00,32824,565423,Chronological tweets seem much better than what ‚Äúthe algorithm‚Äù suggests,positive
1524470633349922822,2022-05-11 19:24:56+00:00,40920,447416,,neutral
1524191785760788480,2022-05-11 00:56:54+00:00,15099,148915,"Starlink has resisted Russian cyberwar jamming &amp; hacking attempts so far, but they‚Äôre ramping up their efforts ",positive
1523658010241155073,2022-05-09 13:35:52+00:00,75982,1140295,Chocolate milk is insanely good. Just had some.,positive
1523622304592187392,2022-05-09 11:13:59+00:00,12561,177092,There are no angels in war,neutral
1523465632502906880,2022-05-09 00:51:26+00:00,174576,1897666,"If I die under mysterious circumstances, it‚Äôs been nice knowin ya",positive
1523464037048020992,2022-05-09 00:45:05+00:00,12387,153769,The word ‚ÄúNazi‚Äù doesn‚Äôt mean what he seems to think it does ,negative
1523462998081572864,2022-05-09 00:40:57+00:00,8911,109860,.@Rogozin sent this to Russian media ,neutral
1522918526520070144,2022-05-07 12:37:25+00:00,11309,200107,"Also, work ethic expectations would be extreme, but much less than I demand of myself",negative
1522609829553971200,2022-05-06 16:10:46+00:00,24644,266416,"I strongly believe that all managers in a technical area must be technically excellent. 

Managers in software must write great software or it‚Äôs like being a cavalry captain who can‚Äôt ride a horse!",positive
1522600366474358786,2022-05-06 15:33:10+00:00,10307,148213,Another Starlink mission completed ,neutral
1522595770288906242,2022-05-06 15:14:54+00:00,34522,385129,"If Twitter acquisition completes, company will be super focused on hardcore software engineering, design, infosec &amp; server hardware ",positive
1521950798745194496,2022-05-04 20:32:01+00:00,25211,151563,Interesting. I wonder if those funding these organizations are fully aware of what the organizations are doing. ,positive
1521807738317066240,2022-05-04 11:03:33+00:00,29648,465436,I dunno ‚Ä¶ seems kinda fungible,neutral
1521630589710872576,2022-05-03 23:19:37+00:00,31052,411354,"Twitter will always be free for casual users, but maybe a slight cost for commercial/government users",negative
1521580576297398274,2022-05-03 20:00:53+00:00,30768,420724,"Ultimately, the downfall of the Freemasons was giving away their stonecutting services for nothing",neutral
1521574200183566338,2022-05-03 19:35:33+00:00,37430,398964,Sunlight is the best disinfectant,positive
1521574041814978562,2022-05-03 19:34:55+00:00,53550,384105,"Who funds these organizations that want to control your access to information? Let‚Äôs investigate ‚Ä¶
",neutral
1521202951230046210,2022-05-02 19:00:20+00:00,102617,1329025,As I was saying ‚Ä¶ ,neutral
1521190864592293891,2022-05-02 18:12:19+00:00,28368,410589,"the elusive beauty of imperfection

‰æòÂØÇ",neutral
1520650036865949696,2022-05-01 06:23:15+00:00,109647,1100951,"Since I‚Äôve been asked a lot:

Buy stock in several companies that make products &amp; services that *you* believe in.

Only sell if you think their products &amp; services are trending worse. Don‚Äôt panic when the market does.

This will serve you well in the long-term.",negative
1520021098934554624,2022-04-29 12:44:05+00:00,46964,806665,"But I‚Äôm no fan of the far right either. 

Let‚Äôs have less hate and more love.",positive
1520017094007476224,2022-04-29 12:28:10+00:00,121031,1179598,"The far left hates everyone, themselves included!",positive
1519783048228843521,2022-04-28 20:58:09+00:00,20779,425063,"‚ÄúReal magic is only a sip away.‚Äù
(Actual slogan of Coca-Cola!!) ü§£ü§£",positive
1519781958578016256,2022-04-28 20:53:49+00:00,42784,624916,.@CocaCola Oh hi lol ,positive
1519735033950470144,2022-04-28 17:47:22+00:00,208766,1557891,,neutral
1519495982723084290,2022-04-28 01:57:27+00:00,212794,2580459,"Listen, I can‚Äôt do miracles ok ",positive
1519495072802390016,2022-04-28 01:53:50+00:00,194700,2650225,Let‚Äôs make Twitter maximum fun!,positive
1519480761749016577,2022-04-28 00:56:58+00:00,681803,4781172,Next I‚Äôm buying Coca-Cola to put the cocaine back in,neutral
1519469891455234048,2022-04-28 00:13:47+00:00,107780,1466760,"Twitter DMs should have end to end encryption like Signal, so no one can spy on or hack your messages",neutral
1519415674111672325,2022-04-27 20:38:20+00:00,144586,1552586,"For Twitter to deserve public trust, it must be politically neutral, which effectively means upsetting the far right and the far left equally",positive
1519377424437243904,2022-04-27 18:06:21+00:00,46693,475348,,neutral
1519367926708588545,2022-04-27 17:28:36+00:00,18763,473385,Should be called Trumpet instead!,neutral
1519363666377908225,2022-04-27 17:11:41+00:00,29648,489584,Truth Social (terrible name) exists because Twitter censored free speech,negative
1519179787163652099,2022-04-27 05:01:00+00:00,49772,607630,Truth Social is currently beating Twitter &amp; TikTok on the Apple Store ,positive
1519047548509466624,2022-04-26 20:15:32+00:00,41282,518265,Per aspera ad astra!,neutral
1519046094461702145,2022-04-26 20:09:46+00:00,21731,404194,"Raptor 2 rocket engines at Starbase, each producing over half a million pounds (230 tons) of force ",negative
1519036983137509376,2022-04-26 19:33:33+00:00,89883,838474,"By ‚Äúfree speech‚Äù, I simply mean that which matches the law. 

I am against censorship that goes far beyond the law. 

If people want less free speech, they will ask government to pass laws to that effect.

Therefore, going beyond the law is contrary to the will of the people.",positive
1519020176884305920,2022-04-26 18:26:46+00:00,192888,1653013,The extreme antibody reaction from those who fear free speech says it all,positive
1518677066325053441,2022-04-25 19:43:22+00:00,348094,2608266,üöÄüí´‚ô•Ô∏è Yesss!!! ‚ô•Ô∏èüí´üöÄ ,neutral
1518623997054918657,2022-04-25 16:12:30+00:00,368227,3232244,"I hope that even my worst critics remain on Twitter, because that is what free speech means",negative
1518614732839735304,2022-04-25 15:35:41+00:00,52804,799305,And be my love in the rain,positive
1518234561150427141,2022-04-24 14:25:01+00:00,20716,390424,(from making fun of Gates for shorting Tesla while claiming to support climate change action),positive
1518194746052726786,2022-04-24 11:46:48+00:00,30999,486387,Moving on ‚Ä¶,neutral
1517716718382166016,2022-04-23 04:07:18+00:00,41316,620933,shadow ban council reviewing tweet ‚Ä¶ ,neutral
1517707521343082496,2022-04-23 03:30:45+00:00,134471,1401293,in case u need to lose a boner fast ,positive
1517650251926192128,2022-04-22 23:43:11+00:00,8833,163023,What is best in life?,positive
1517649402449510401,2022-04-22 23:39:48+00:00,25072,323765,The Barbarians are at the Gate,neutral
1517236891606790144,2022-04-21 20:20:38+00:00,25620,320100,Believe in the future,neutral
1517234911035412481,2022-04-21 20:12:46+00:00,24095,445439,,neutral
1517234027970899982,2022-04-21 20:09:15+00:00,15249,302181,,neutral
1517215736606957573,2022-04-21 18:56:34+00:00,25012,448593,And authenticate all real humans,positive
1517215066550116354,2022-04-21 18:53:55+00:00,73462,868376,"If our twitter bid succeeds, we will defeat the spam bots or die trying!",positive
1517214299923652609,2022-04-21 18:50:52+00:00,13513,283802,"Such a joy to work with amazingly talented people at SpaceX, Tesla, Neuralink &amp; Boring Co!",positive
1516977323576381441,2022-04-21 03:09:12+00:00,13483,168975,"Please consider working at The Boring Company! 

Our goal is to solve traffic, which plagues every major city on Earth. ",negative
1516620752040116231,2022-04-20 03:32:19+00:00,17837,280307,_______ is the Night,neutral
1516483038242385928,2022-04-19 18:25:05+00:00,41939,491557,A social media platform‚Äôs policies are good if the most extreme 10% on left and right are equally unhappy,positive
1516167738909249539,2022-04-18 21:32:12+00:00,11782,200128,SpaceX Falcon team making great progress! Aiming for 5 day launch cadence with many performance &amp; refurb improvements.,positive
1516057871108165637,2022-04-18 14:15:38+00:00,13045,164334,"Why, thank you, sir!  ",neutral
1515799688296943636,2022-04-17 21:09:42+00:00,37574,585242,Happy Easter! ,positive
1515728751912534016,2022-04-17 16:27:49+00:00,16681,237251,Smooth landing video ,positive
1515405264740134918,2022-04-16 19:02:24+00:00,24238,384138,üé∂ Love Me Tender üé∂,positive
1515059837448691715,2022-04-15 20:09:48+00:00,23431,352466,Thanks for the support! ,positive
1514726980909948928,2022-04-14 22:07:09+00:00,20688,237717,ü§î ,neutral
1514720245113577473,2022-04-14 21:40:23+00:00,84755,1189998,i‚ô•Ô∏èu,neutral
1514698036760530945,2022-04-14 20:12:08+00:00,31613,205344,"Taking Twitter private at $54.20 should be up to shareholders, not the board",neutral
1514681422212128770,2022-04-14 19:06:07+00:00,11025,182059,Will endeavor to keep as many shareholders in privatized Twitter as allowed by law,positive
1514564966564651008,2022-04-14 11:23:21+00:00,106667,899965,"I made an offer 
",neutral
1512944276983975936,2022-04-10 00:03:19+00:00,9025,164210,Weather is fake. I seen Truman Show!,negative
1512886651940491270,2022-04-09 20:14:20+00:00,63759,713710,69.420% of statistics are false,negative
1512886157876600833,2022-04-09 20:12:22+00:00,23241,202707,Truth is the first casualty. ,positive
1512786909315096579,2022-04-09 13:38:00+00:00,4516,109091,And @justinbieber only posted once this entire year,neutral
1512786361983676424,2022-04-09 13:35:49+00:00,5618,115237,"For example, @taylorswift13 hasn‚Äôt posted anything in 3 months",neutral
1512785529712123906,2022-04-09 13:32:31+00:00,17505,207347,"Most of these ‚Äútop‚Äù accounts tweet rarely and post very little content. 

Is Twitter dying? ",positive
1512771744720994304,2022-04-09 12:37:44+00:00,6459,66358,Interesting ,positive
1512382427876007940,2022-04-08 10:50:44+00:00,10583,195388,"Great work by Tesla Texas Team!!

Built &amp; delivered first Giga Texas production cars &amp; threw a killer opening party üí•üí´ üöò",positive
1512244590874710023,2022-04-08 01:43:01+00:00,4546,61633,Show starts in ~20 mins ,neutral
1511982702819520512,2022-04-07 08:22:22+00:00,108930,1134004,,neutral
1511982141965586434,2022-04-07 08:20:08+00:00,19965,328906,,neutral
1511951232117604354,2022-04-07 06:17:19+00:00,4835,78427,,neutral
1511950918366814211,2022-04-07 06:16:04+00:00,3982,71325,Preparing ‚Ä¶ ,neutral
1511950430539902976,2022-04-07 06:14:07+00:00,7465,123789,,neutral
1511940411685801984,2022-04-07 05:34:19+00:00,3674,93228,I will give a talk around 9,neutral
1511939175934742531,2022-04-07 05:29:24+00:00,9452,162420,"üá∫üá∏üá∫üá∏ Gigafactory Texas üá∫üá∏üá∫üá∏

Grand opening party tomorrow!

Doors open at 4, festivities at 8",positive
1511143607385874434,2022-04-05 00:48:06+00:00,52032,338053,Do you want an edit button?,neutral
1511011921495011328,2022-04-04 16:04:49+00:00,53870,923328,Oh hi lol,positive
1510711332366131209,2022-04-03 20:10:23+00:00,9483,213219,Berlin rocks,neutral
1510546313276014594,2022-04-03 09:14:40+00:00,12297,177451,,neutral
1510510978286428163,2022-04-03 06:54:15+00:00,32821,298018,"I am inspired by curiosity. 

That is what drives me. 

So let us expand the scope &amp; scale of consciousness so that we may aspire to understand the Universe.",neutral
1510502229219938306,2022-04-03 06:19:29+00:00,4282,68147,Peace. Peace?  I hate the word. Those who do care about peace (myself aspirationally included) don‚Äôt need to hear it. And those who don‚Äôt care about peace? Well ‚Ä¶,negative
1510493628979888130,2022-04-03 05:45:19+00:00,816,14702,,neutral
1510482294309535745,2022-04-03 05:00:17+00:00,1079,18300,,neutral
1510481875160158208,2022-04-03 04:58:37+00:00,3091,65272,I‚Äôm talking about not having kids in the first place. That‚Äôs the problem.,positive
1510480256905404418,2022-04-03 04:52:11+00:00,1827,51142,But we should,neutral
1510479915711352838,2022-04-03 04:50:49+00:00,9680,135803,Humanity did not evolve to mourn the unborn,neutral
1510449836633604100,2022-04-03 02:51:18+00:00,4986,88164,They wrote PEACE on the wall at Berghain! I refused enter.,neutral
1510435828841000960,2022-04-03 01:55:38+00:00,10196,145278,,neutral
1510435042694250499,2022-04-03 01:52:31+00:00,22897,241556,,neutral
1510427915657351179,2022-04-03 01:24:12+00:00,7761,137924,,neutral
1509690744746905638,2022-04-01 00:34:56+00:00,17181,292344,To think I grew up 2b bizniz magnet ü§© ,neutral
1508983155205804038,2022-03-30 01:43:14+00:00,7161,81510,Sustainable energy generation from sun &amp; wind is making great progress! ,positive
1508565936449622018,2022-03-28 22:05:21+00:00,3769,61745,"Starlink üõ∞ team too! Expecting over 4200 Starlink satellites in operation within 18 months, which is ~2/3 of all active satellites of Earth.",negative
1508540042817376256,2022-03-28 20:22:28+00:00,8076,132317,SpaceX Falcon üöÄ team is making excellent progress ‚Äì aiming for 60 launches this year!,positive
1508375633054760962,2022-03-28 09:29:09+00:00,3180,111819,We‚Äôve all been there,neutral
1508367467269136387,2022-03-28 08:56:42+00:00,25013,374491,,neutral
1508356357967122434,2022-03-28 08:12:34+00:00,12094,163615,"Covid-19 is the virus of Theseus.

How many gene changes before it‚Äôs not Covid-19 anymore?

I supposedly have it again (sigh), but almost no symptoms.",positive
1508111817079341056,2022-03-27 16:00:51+00:00,21555,243880,Seize the memes of production!,neutral
1507777913042571267,2022-03-26 17:54:02+00:00,25276,326960,Is a new platform needed?,positive
1507777261654605828,2022-03-26 17:51:26+00:00,31467,251828,"Given that Twitter serves as the de facto public town square, failing to adhere to free speech principles fundamentally undermines democracy. 

What should be done? ",positive
1507596559831101446,2022-03-26 05:53:24+00:00,11899,162581,,neutral
1507272763597373461,2022-03-25 08:26:45+00:00,10010,157098,The consequences of this poll will be important. Please vote carefully.,positive
1507259709224632344,2022-03-25 07:34:52+00:00,42620,183859,"Free speech is essential to a functioning democracy.

Do you believe Twitter rigorously adheres to this principle?",positive
1507164164208402435,2022-03-25 01:15:13+00:00,4566,57712,,neutral
1507162047171153925,2022-03-25 01:06:48+00:00,13049,194843,"Old, but good ",positive
1507144087689912320,2022-03-24 23:55:26+00:00,3328,55591,Most people think the fruit was named after the color (fools!) ,positive
1507143572226772993,2022-03-24 23:53:23+00:00,6358,110824,The movie Gaslight has gaslit so many people it‚Äôs insane,negative
1507091587041484805,2022-03-24 20:26:49+00:00,6242,85961,‚ô•Ô∏è‚ô•Ô∏è NASA ‚ô•Ô∏è‚ô•Ô∏è ,neutral
1507041396242407424,2022-03-24 17:07:22+00:00,10513,69291,Twitter algorithm should be open source,neutral
1506262079963111440,2022-03-22 13:30:39+00:00,14208,274472,üá©üá™üá©üá™ Danke Deutschland!! üá©üá™üá©üá™,neutral
1505977175488483339,2022-03-21 18:38:32+00:00,11437,208092,Excited to hand over the first production cars made by Giga Berlin-Brandenburg tomorrow!,positive
1505100708256825347,2022-03-19 08:35:46+00:00,66643,784351,,neutral
1505058886130311169,2022-03-19 05:49:35+00:00,2216,54266,Also the heaviest Falcon 9 payload at 16.25 metric tons,neutral
1505058536857997314,2022-03-19 05:48:12+00:00,4653,78180, ,neutral
1505022792554663944,2022-03-19 03:26:10+00:00,3814,79816,As it ends the cycle of retribution,neutral
1505022319915421696,2022-03-19 03:24:17+00:00,13699,156104,"The limbic instinct for vengeance is incredibly strong, which is why turn the other cheek is such a powerful idea",positive
1504351035560763395,2022-03-17 06:56:51+00:00,5875,143237,"I have so much respect for the associates doing an honest day‚Äôs work at Tesla or SpaceX building &amp; servicing cars, rockets, Starlinks, batteries, solar &amp; many other things",positive
1504349978487324672,2022-03-17 06:52:38+00:00,23763,294148,Working hard to make useful products &amp; services for your fellow humans is deeply morally good,positive
1504311459924398083,2022-03-17 04:19:35+00:00,15137,269757,Working on Master Plan Part 3,neutral
1503831484523819011,2022-03-15 20:32:20+00:00,22734,340461,"Thank you for the offer, but such excellent training would give me too much of an advantage. 

If he is afraid to fight, I will agree to use only my left hand and I am not even left-handed.

Elona",positive
1503828461235982339,2022-03-15 20:20:19+00:00,20828,224869,"Telegram post by Ramzan Kadyrov, head of Chechen Republic! ",neutral
1503533028127264772,2022-03-15 00:46:22+00:00,8428,121241,Congratulations SpaceX team for all that you have accomplished! ,positive
1503338552016482308,2022-03-14 11:53:36+00:00,9268,125029,–í—ã —Å–æ–≥–ª–∞—Å–Ω—ã –Ω–∞ —ç—Ç–æ—Ç –±–æ–π? @KremlinRussia_E,neutral
1503327421839417344,2022-03-14 11:09:22+00:00,53614,391771,"I hereby challenge
–í–ª–∞–¥–∏–º–∏—Ä –ü—É—Ç–∏–Ω 
to single combat

Stakes are –£–∫—Ä–∞—ó–Ω–∞",negative
1503322032477552641,2022-03-14 10:47:57+00:00,4645,110064,By the pricking of my thumbs ‚Ä¶,neutral
1503305538356011009,2022-03-14 09:42:25+00:00,4654,91741,There is a beauty to the biological substrate,neutral
1503287788652871680,2022-03-14 08:31:53+00:00,145680,1190874,,neutral
1503276966874595330,2022-03-14 07:48:53+00:00,83098,734897,,neutral
1503186160524439557,2022-03-14 01:48:03+00:00,2683,37561,And we are not alone ,neutral
1503184467397128194,2022-03-14 01:41:19+00:00,4353,69300,Tesla &amp; SpaceX are seeing significant recent inflation pressure in raw materials &amp; logistics,positive
1503123611988766730,2022-03-13 21:39:30+00:00,10899,160185,What are your thoughts about probable inflation rate over next few years?,negative
1502963281249673221,2022-03-13 11:02:24+00:00,7278,118350,Fifteen Decisive Battles of the World,neutral
1501558771293765636,2022-03-09 14:01:23+00:00,12856,157031,Another 48 Starlinks just reached orbit ,neutral
1501449525831081987,2022-03-09 06:47:17+00:00,79801,644859,,neutral
1500740461115461632,2022-03-07 07:49:42+00:00,45048,357598,"You are my favorite hello,
And my hardest goodbye.",positive
1500621510188285956,2022-03-06 23:57:02+00:00,13380,172637,Also nuclear is vastly better for global warming than burning hydrocarbons for energy,positive
1500615542758985728,2022-03-06 23:33:20+00:00,16383,182311,"For those who (mistakenly) think this is a radiation risk, pick what you think is the worst location. I will travel there &amp; eat locally grown food on TV.

I did this in Japan many years ago, shortly after Fukushima. Radiation risk is much, much lower than most people believe.",positive
1500613952031444995,2022-03-06 23:27:00+00:00,42115,314970,"Hopefully, it is now extremely obvious that Europe should restart dormant nuclear power stations and increase power output of existing ones. 

This is *critical* to national and international security.",neutral
1500475796623749120,2022-03-06 14:18:02+00:00,4337,94993,"Self-driving car will amplify traffic to insane levels, as you won‚Äôt feel the pain of driving yourself",negative
1500472879724392448,2022-03-06 14:06:26+00:00,12649,188049,Defeating traffic is the ultimate boss battle. Even the most powerful humans in the world cannot defeat traffic.,positive
1500330068228280321,2022-03-06 04:38:57+00:00,16996,251320,Even some of the best AI software engineers in the world don‚Äôt realize how advanced Tesla AI has become,positive
1500316700922757123,2022-03-06 03:45:50+00:00,30100,358952,,neutral
1499976967105433600,2022-03-05 05:15:51+00:00,73664,540249,"Starlink has been told by some governments (not Ukraine) to block Russian news sources. We will not do so unless at gunpoint.

Sorry to be a free speech absolutist.",negative
1499972826828259328,2022-03-05 04:59:24+00:00,11769,148237,"SpaceX reprioritized to cyber defense &amp; overcoming signal jamming. 

Will cause slight delays in Starship &amp; Starlink V2.",negative
1499918115018313728,2022-03-05 01:22:00+00:00,17764,329162,"And also my sympathies to the great people of Russia, who do not want this",positive
1499917894767063043,2022-03-05 01:21:07+00:00,52961,546969,üá∫üá¶üá∫üá¶üá∫üá¶ Hold Strong Ukraine üá∫üá¶üá∫üá¶üá∫üá¶,positive
1499909806504779779,2022-03-05 00:48:59+00:00,20502,203867,"Obviously, this would negatively affect Tesla, but sustainable energy solutions simply cannot react instantaneously to make up for Russian oil &amp; gas exports.",negative
1499907549746937860,2022-03-05 00:40:01+00:00,78580,471629,"Hate to say it, but we need to increase oil &amp; gas output immediately. 

Extraordinary times demand extraordinary measures.",negative
1499472139333746691,2022-03-03 19:49:51+00:00,40083,363219,"Important warning: Starlink is the only non-Russian communications system still working in some parts of Ukraine, so probability of being targeted is high. Please use with caution.",positive
1496252264171941888,2022-02-22 22:35:13+00:00,22880,205159,,neutral
1496066844284928003,2022-02-22 10:18:25+00:00,4518,46898,tau &gt; pi,neutral
1496064747254525956,2022-02-22 10:10:05+00:00,10690,122909,‚Ñè,neutral
1495917323911409670,2022-02-22 00:24:17+00:00,2065,48494,M Night should do a horror movie about this ‚Äì it would resonate,neutral
1495901654872383499,2022-02-21 23:22:01+00:00,19934,215437,Entertainment is becoming a username/password/2FA nightmare ,positive
1495229925799825408,2022-02-20 02:52:48+00:00,2664,88111,I think it will reach #2,neutral
1495229521443770370,2022-02-20 02:51:12+00:00,4801,107990,I‚Äôm dropping a new album,positive
1495228461350227968,2022-02-20 02:46:59+00:00,33142,361747,,neutral
1494821520815779843,2022-02-18 23:49:57+00:00,12704,186146,So amazing that we decompress from a single cell to over 30 trillion cells,positive
1494401652299898882,2022-02-17 20:01:33+00:00,5094,82480,"An evolutionary asymmetry helpful to survival, but counterproductive when survival is not at stake",neutral
1494400631712501764,2022-02-17 19:57:29+00:00,33183,246970,Reasons to hate are remembered better than reasons to love,positive
1493412698696171521,2022-02-15 02:31:48+00:00,3688,60173,This will be real in our lifetime,positive
1493411717019230209,2022-02-15 02:27:54+00:00,7742,70542,Starship to Mars simulation ,neutral
1493358044989767683,2022-02-14 22:54:37+00:00,7234,129791,Over 250k Starlink user terminals,neutral
1493310083014475778,2022-02-14 19:44:02+00:00,7012,77591,Destacking Starship ,neutral
1492227328386154509,2022-02-11 20:01:33+00:00,104465,591374,"The duty of a leader is to serve their people, not for the people to serve them",neutral
1491817170258563080,2022-02-10 16:51:44+00:00,21645,284424,,neutral
1491639263686844418,2022-02-10 05:04:48+00:00,7749,79072,,neutral
1491636510642167809,2022-02-10 04:53:52+00:00,16182,244733,,neutral
1491634769934753799,2022-02-10 04:46:57+00:00,3090,39883,,neutral
1491631000232759305,2022-02-10 04:31:58+00:00,4968,67105,Tower arms are lifting Starship onto Super Heavy Booster ,positive
1491525871517286404,2022-02-09 21:34:13+00:00,2654,34370,Much appreciated! ,positive
1490832993258450944,2022-02-07 23:40:58+00:00,16184,149265,"Most news outlets attempt to answer the question: ‚ÄúWhat are the worst things happening on Earth today?‚Äù

It‚Äôs a big planet! Obviously, some bad things are happening somewhere at any given time, but focusing relentlessly on those does not give an accurate picture of reality.",negative
1490827367753056257,2022-02-07 23:18:37+00:00,38916,336470,Why is the ‚Äútraditional‚Äù media such a relentless hatestream? Real question.,positive
1490749693697081354,2022-02-07 18:09:58+00:00,29176,250447,üé∂Always look on the bright side of lifeüé∂,positive
1490742889344864267,2022-02-07 17:42:56+00:00,3766,56899,ü§£,neutral
1490137716377411588,2022-02-06 01:38:11+00:00,1978,55235,[Satire],neutral
1490137536806727683,2022-02-06 01:37:28+00:00,12351,155428,üö¨ Thank You for Smoking üö¨,neutral
1490120045028122624,2022-02-06 00:27:58+00:00,3137,39034,Tesla Model S &amp; X Plaid are so fun! ,positive
1490119570752950272,2022-02-06 00:26:05+00:00,3026,28798,"Extended tracking shot of Falcon 9
",neutral
1490057614436282383,2022-02-05 20:19:53+00:00,31254,354604,,neutral
1489351220628230147,2022-02-03 21:32:56+00:00,2770,38814,"If things go well, Falcon will launch about once a week on average in 2022, delivering ~2/3 of all Earth payload to orbit",negative
1489340604215615492,2022-02-03 20:50:45+00:00,5977,73570,Congrats SpaceX Falcon team! ,neutral
1488916075781799942,2022-02-02 16:43:49+00:00,1318,17601,"SpaceX standard antenna production rises rapidly this year, so those with orders shouldn‚Äôt have to wait long.

Note, Starlink can only support a limited number of users in an area, so best to order early.",positive
1488823885931941893,2022-02-02 10:37:30+00:00,7912,155028,"Exciting progress at Starbase, Texas!",positive
1488749873210052611,2022-02-02 05:43:24+00:00,1194,23321,This is twice the area of our standard phased array with broader scan angle,neutral
1488746173498212353,2022-02-02 05:28:41+00:00,4182,49876,Starlink high performance antenna ,positive
1488269452588326913,2022-01-31 21:54:22+00:00,28147,185649,"Denmark just ended Covid restrictions
 ",neutral
1488039236494311424,2022-01-31 06:39:35+00:00,17908,198479,,neutral
1487921357476155393,2022-01-30 22:51:10+00:00,17216,284466,Halo Infinite campaign is good,positive
1487879449798270977,2022-01-30 20:04:38+00:00,10334,94935,"For reasons unknown, @potus is unable to say the word ‚ÄúTesla‚Äù ",negative
1487861173626101760,2022-01-30 18:52:01+00:00,29185,246530,So many Hitlers! ,positive
1487842692704862214,2022-01-30 17:38:35+00:00,35677,310503,,neutral
1487703756112154628,2022-01-30 08:26:30+00:00,34484,388360,,neutral
1487571050636484609,2022-01-29 23:39:10+00:00,6461,109131,Just rewatched True Romance ‚ô•Ô∏è,positive
1487385441292754946,2022-01-29 11:21:38+00:00,15884,199633,Lie back and think of Mars,neutral
1487316787385581570,2022-01-29 06:48:49+00:00,23219,215306,,neutral
1487295769749168128,2022-01-29 05:25:18+00:00,8472,121973,The Universe is a Hydrogen Sonata,neutral
1487119404382961664,2022-01-28 17:44:30+00:00,4546,45097,"Disney in the streets,
Euphoria in the sheets

",neutral
1486850549928579075,2022-01-27 23:56:10+00:00,33019,195882,And in the darkness bind them ,neutral
1486846468887560201,2022-01-27 23:39:57+00:00,119795,543361,"If you scare people enough, they will demand removal of freedom. This is the path to tyranny.",neutral
1486827458632503297,2022-01-27 22:24:24+00:00,32803,262134,Seems odd that the UN still hasn‚Äôt released 2020 world death rates,negative
1486806256027422730,2022-01-27 21:00:09+00:00,11304,113412,CB radios are free from govt/media control,positive
1486772334635536395,2022-01-27 18:45:22+00:00,72015,420778,Canadian truckers rule,neutral
